<annotation>
	<folder>dogs</folder>
	<filename>dog.706.jpg</filename>
	<path>/Users/powerchip/Projects/AI/Yolo3-tf2-M/DataPrepare/dogs/dog.706.jpg</path>
	<source>
		<database>Unknown</database>
	</source>
	<size>
		<width>395</width>
		<height>303</height>
		<depth>3</depth>
	</size>
	<segmented>0</segmented>
	<object>
		<name>dog</name>
		<pose>Unspecified</pose>
		<truncated>0</truncated>
		<difficult>0</difficult>
		<bndbox>
			<xmin>80</xmin>
			<ymin>23</ymin>
			<xmax>386</xmax>
			<ymax>293</ymax>
		</bndbox>
	</object>
</annotation>
