<annotation>
	<folder>dogs</folder>
	<filename>dog.277.jpg</filename>
	<path>/Users/powerchip/Projects/AI/Yolo3-tf2-M/DataPrepare/dogs/dog.277.jpg</path>
	<source>
		<database>Unknown</database>
	</source>
	<size>
		<width>336</width>
		<height>500</height>
		<depth>3</depth>
	</size>
	<segmented>0</segmented>
	<object>
		<name>dog</name>
		<pose>Unspecified</pose>
		<truncated>0</truncated>
		<difficult>0</difficult>
		<bndbox>
			<xmin>54</xmin>
			<ymin>13</ymin>
			<xmax>308</xmax>
			<ymax>498</ymax>
		</bndbox>
	</object>
</annotation>
