<annotation>
	<folder>dogs</folder>
	<filename>dog.129.jpg</filename>
	<path>/Users/powerchip/Projects/AI/Yolo3-tf2-M/DataPrepare/dogs/dog.129.jpg</path>
	<source>
		<database>Unknown</database>
	</source>
	<size>
		<width>201</width>
		<height>266</height>
		<depth>3</depth>
	</size>
	<segmented>0</segmented>
	<object>
		<name>dog</name>
		<pose>Unspecified</pose>
		<truncated>0</truncated>
		<difficult>0</difficult>
		<bndbox>
			<xmin>35</xmin>
			<ymin>27</ymin>
			<xmax>141</xmax>
			<ymax>245</ymax>
		</bndbox>
	</object>
</annotation>
