<annotation>
	<folder>dogs</folder>
	<filename>dog.665.jpg</filename>
	<path>/Users/powerchip/Projects/AI/Yolo3-tf2-M/DataPrepare/dogs/dog.665.jpg</path>
	<source>
		<database>Unknown</database>
	</source>
	<size>
		<width>405</width>
		<height>332</height>
		<depth>3</depth>
	</size>
	<segmented>0</segmented>
	<object>
		<name>dog</name>
		<pose>Unspecified</pose>
		<truncated>0</truncated>
		<difficult>0</difficult>
		<bndbox>
			<xmin>12</xmin>
			<ymin>48</ymin>
			<xmax>399</xmax>
			<ymax>319</ymax>
		</bndbox>
	</object>
</annotation>
