<annotation>
	<folder>dogs</folder>
	<filename>dog.573.jpg</filename>
	<path>/Users/powerchip/Projects/AI/Yolo3-tf2-M/DataPrepare/dogs/dog.573.jpg</path>
	<source>
		<database>Unknown</database>
	</source>
	<size>
		<width>359</width>
		<height>268</height>
		<depth>3</depth>
	</size>
	<segmented>0</segmented>
	<object>
		<name>dog</name>
		<pose>Unspecified</pose>
		<truncated>0</truncated>
		<difficult>0</difficult>
		<bndbox>
			<xmin>160</xmin>
			<ymin>37</ymin>
			<xmax>338</xmax>
			<ymax>265</ymax>
		</bndbox>
	</object>
</annotation>
