<annotation>
	<folder>dogs</folder>
	<filename>dog.667.jpg</filename>
	<path>/Users/powerchip/Projects/AI/Yolo3-tf2-M/DataPrepare/dogs/dog.667.jpg</path>
	<source>
		<database>Unknown</database>
	</source>
	<size>
		<width>422</width>
		<height>499</height>
		<depth>3</depth>
	</size>
	<segmented>0</segmented>
	<object>
		<name>dog</name>
		<pose>Unspecified</pose>
		<truncated>1</truncated>
		<difficult>0</difficult>
		<bndbox>
			<xmin>8</xmin>
			<ymin>25</ymin>
			<xmax>422</xmax>
			<ymax>497</ymax>
		</bndbox>
	</object>
</annotation>
