<annotation>
	<folder>dogs</folder>
	<filename>dog.170.jpg</filename>
	<path>/Users/powerchip/Projects/AI/Yolo3-tf2-M/DataPrepare/dogs/dog.170.jpg</path>
	<source>
		<database>Unknown</database>
	</source>
	<size>
		<width>459</width>
		<height>500</height>
		<depth>3</depth>
	</size>
	<segmented>0</segmented>
	<object>
		<name>dog</name>
		<pose>Unspecified</pose>
		<truncated>0</truncated>
		<difficult>0</difficult>
		<bndbox>
			<xmin>10</xmin>
			<ymin>27</ymin>
			<xmax>448</xmax>
			<ymax>481</ymax>
		</bndbox>
	</object>
</annotation>
