<annotation>
	<folder>dogs</folder>
	<filename>dog.946.jpg</filename>
	<path>/Users/powerchip/Projects/AI/Yolo3-tf2-M/DataPrepare/dogs/dog.946.jpg</path>
	<source>
		<database>Unknown</database>
	</source>
	<size>
		<width>322</width>
		<height>400</height>
		<depth>3</depth>
	</size>
	<segmented>0</segmented>
	<object>
		<name>dog</name>
		<pose>Unspecified</pose>
		<truncated>0</truncated>
		<difficult>0</difficult>
		<bndbox>
			<xmin>14</xmin>
			<ymin>2</ymin>
			<xmax>318</xmax>
			<ymax>387</ymax>
		</bndbox>
	</object>
</annotation>
