<annotation>
	<folder>dogs</folder>
	<filename>dog.299.jpg</filename>
	<path>/Users/powerchip/Projects/AI/Yolo3-tf2-M/DataPrepare/dogs/dog.299.jpg</path>
	<source>
		<database>Unknown</database>
	</source>
	<size>
		<width>329</width>
		<height>499</height>
		<depth>3</depth>
	</size>
	<segmented>0</segmented>
	<object>
		<name>dog</name>
		<pose>Unspecified</pose>
		<truncated>0</truncated>
		<difficult>0</difficult>
		<bndbox>
			<xmin>23</xmin>
			<ymin>23</ymin>
			<xmax>300</xmax>
			<ymax>472</ymax>
		</bndbox>
	</object>
</annotation>
