<annotation>
	<folder>dogs</folder>
	<filename>dog.51.jpg</filename>
	<path>/Users/powerchip/Projects/AI/Yolo3-tf2-M/DataPrepare/dogs/dog.51.jpg</path>
	<source>
		<database>Unknown</database>
	</source>
	<size>
		<width>433</width>
		<height>500</height>
		<depth>3</depth>
	</size>
	<segmented>0</segmented>
	<object>
		<name>dog</name>
		<pose>Unspecified</pose>
		<truncated>1</truncated>
		<difficult>0</difficult>
		<bndbox>
			<xmin>6</xmin>
			<ymin>50</ymin>
			<xmax>406</xmax>
			<ymax>500</ymax>
		</bndbox>
	</object>
</annotation>
