<annotation>
	<folder>dogs</folder>
	<filename>dog.943.jpg</filename>
	<path>/Users/powerchip/Projects/AI/Yolo3-tf2-M/DataPrepare/dogs/dog.943.jpg</path>
	<source>
		<database>Unknown</database>
	</source>
	<size>
		<width>90</width>
		<height>99</height>
		<depth>1</depth>
	</size>
	<segmented>0</segmented>
	<object>
		<name>dog</name>
		<pose>Unspecified</pose>
		<truncated>0</truncated>
		<difficult>0</difficult>
		<bndbox>
			<xmin>3</xmin>
			<ymin>3</ymin>
			<xmax>89</xmax>
			<ymax>72</ymax>
		</bndbox>
	</object>
</annotation>
