<annotation>
	<folder>dogs</folder>
	<filename>dog.333.jpg</filename>
	<path>/Users/powerchip/Projects/AI/Yolo3-tf2-M/DataPrepare/dogs/dog.333.jpg</path>
	<source>
		<database>Unknown</database>
	</source>
	<size>
		<width>471</width>
		<height>500</height>
		<depth>3</depth>
	</size>
	<segmented>0</segmented>
	<object>
		<name>dog</name>
		<pose>Unspecified</pose>
		<truncated>1</truncated>
		<difficult>0</difficult>
		<bndbox>
			<xmin>110</xmin>
			<ymin>138</ymin>
			<xmax>460</xmax>
			<ymax>500</ymax>
		</bndbox>
	</object>
</annotation>
