<annotation>
	<folder>dogs</folder>
	<filename>dog.45.jpg</filename>
	<path>/Users/powerchip/Projects/AI/Yolo3-tf2-M/DataPrepare/dogs/dog.45.jpg</path>
	<source>
		<database>Unknown</database>
	</source>
	<size>
		<width>425</width>
		<height>320</height>
		<depth>3</depth>
	</size>
	<segmented>0</segmented>
	<object>
		<name>dog</name>
		<pose>Unspecified</pose>
		<truncated>1</truncated>
		<difficult>0</difficult>
		<bndbox>
			<xmin>71</xmin>
			<ymin>1</ymin>
			<xmax>421</xmax>
			<ymax>318</ymax>
		</bndbox>
	</object>
</annotation>
