<annotation>
	<folder>dogs</folder>
	<filename>dog.868.jpg</filename>
	<path>/Users/powerchip/Projects/AI/Yolo3-tf2-M/DataPrepare/dogs/dog.868.jpg</path>
	<source>
		<database>Unknown</database>
	</source>
	<size>
		<width>380</width>
		<height>480</height>
		<depth>3</depth>
	</size>
	<segmented>0</segmented>
	<object>
		<name>dog</name>
		<pose>Unspecified</pose>
		<truncated>1</truncated>
		<difficult>0</difficult>
		<bndbox>
			<xmin>48</xmin>
			<ymin>34</ymin>
			<xmax>364</xmax>
			<ymax>480</ymax>
		</bndbox>
	</object>
</annotation>
