<annotation>
	<folder>dogs</folder>
	<filename>dog.496.jpg</filename>
	<path>/Users/powerchip/Projects/AI/Yolo3-tf2-M/DataPrepare/dogs/dog.496.jpg</path>
	<source>
		<database>Unknown</database>
	</source>
	<size>
		<width>390</width>
		<height>392</height>
		<depth>3</depth>
	</size>
	<segmented>0</segmented>
	<object>
		<name>dog</name>
		<pose>Unspecified</pose>
		<truncated>1</truncated>
		<difficult>0</difficult>
		<bndbox>
			<xmin>9</xmin>
			<ymin>8</ymin>
			<xmax>380</xmax>
			<ymax>392</ymax>
		</bndbox>
	</object>
</annotation>
