<annotation>
	<folder>dogs</folder>
	<filename>dog.604.jpg</filename>
	<path>/Users/powerchip/Projects/AI/Yolo3-tf2-M/DataPrepare/dogs/dog.604.jpg</path>
	<source>
		<database>Unknown</database>
	</source>
	<size>
		<width>398</width>
		<height>400</height>
		<depth>3</depth>
	</size>
	<segmented>0</segmented>
	<object>
		<name>dog</name>
		<pose>Unspecified</pose>
		<truncated>1</truncated>
		<difficult>0</difficult>
		<bndbox>
			<xmin>38</xmin>
			<ymin>38</ymin>
			<xmax>397</xmax>
			<ymax>400</ymax>
		</bndbox>
	</object>
</annotation>
