<annotation>
	<folder>dogs</folder>
	<filename>dog.348.jpg</filename>
	<path>/Users/powerchip/Projects/AI/Yolo3-tf2-M/DataPrepare/dogs/dog.348.jpg</path>
	<source>
		<database>Unknown</database>
	</source>
	<size>
		<width>299</width>
		<height>247</height>
		<depth>3</depth>
	</size>
	<segmented>0</segmented>
	<object>
		<name>dog</name>
		<pose>Unspecified</pose>
		<truncated>0</truncated>
		<difficult>0</difficult>
		<bndbox>
			<xmin>37</xmin>
			<ymin>35</ymin>
			<xmax>253</xmax>
			<ymax>220</ymax>
		</bndbox>
	</object>
</annotation>
