<annotation>
	<folder>dogs</folder>
	<filename>dog.821.jpg</filename>
	<path>/Users/powerchip/Projects/AI/Yolo3-tf2-M/DataPrepare/dogs/dog.821.jpg</path>
	<source>
		<database>Unknown</database>
	</source>
	<size>
		<width>349</width>
		<height>330</height>
		<depth>3</depth>
	</size>
	<segmented>0</segmented>
	<object>
		<name>dog</name>
		<pose>Unspecified</pose>
		<truncated>0</truncated>
		<difficult>0</difficult>
		<bndbox>
			<xmin>20</xmin>
			<ymin>6</ymin>
			<xmax>136</xmax>
			<ymax>188</ymax>
		</bndbox>
	</object>
	<object>
		<name>dog</name>
		<pose>Unspecified</pose>
		<truncated>0</truncated>
		<difficult>0</difficult>
		<bndbox>
			<xmin>129</xmin>
			<ymin>97</ymin>
			<xmax>340</xmax>
			<ymax>291</ymax>
		</bndbox>
	</object>
</annotation>
