<annotation>
	<folder>dogs</folder>
	<filename>dog.401.jpg</filename>
	<path>/Users/powerchip/Projects/AI/Yolo3-tf2-M/DataPrepare/dogs/dog.401.jpg</path>
	<source>
		<database>Unknown</database>
	</source>
	<size>
		<width>179</width>
		<height>164</height>
		<depth>3</depth>
	</size>
	<segmented>0</segmented>
	<object>
		<name>dog</name>
		<pose>Unspecified</pose>
		<truncated>0</truncated>
		<difficult>0</difficult>
		<bndbox>
			<xmin>8</xmin>
			<ymin>7</ymin>
			<xmax>171</xmax>
			<ymax>148</ymax>
		</bndbox>
	</object>
</annotation>
