<annotation>
	<folder>dogs</folder>
	<filename>dog.482.jpg</filename>
	<path>/Users/powerchip/Projects/AI/Yolo3-tf2-M/DataPrepare/dogs/dog.482.jpg</path>
	<source>
		<database>Unknown</database>
	</source>
	<size>
		<width>155</width>
		<height>221</height>
		<depth>3</depth>
	</size>
	<segmented>0</segmented>
	<object>
		<name>dog</name>
		<pose>Unspecified</pose>
		<truncated>1</truncated>
		<difficult>0</difficult>
		<bndbox>
			<xmin>33</xmin>
			<ymin>23</ymin>
			<xmax>155</xmax>
			<ymax>218</ymax>
		</bndbox>
	</object>
</annotation>
