<annotation>
	<folder>dogs</folder>
	<filename>dog.21.jpg</filename>
	<path>/Users/powerchip/Projects/AI/Yolo3-tf2-M/DataPrepare/dogs/dog.21.jpg</path>
	<source>
		<database>Unknown</database>
	</source>
	<size>
		<width>415</width>
		<height>499</height>
		<depth>3</depth>
	</size>
	<segmented>0</segmented>
	<object>
		<name>dog</name>
		<pose>Unspecified</pose>
		<truncated>0</truncated>
		<difficult>0</difficult>
		<bndbox>
			<xmin>32</xmin>
			<ymin>30</ymin>
			<xmax>400</xmax>
			<ymax>496</ymax>
		</bndbox>
	</object>
</annotation>
