<annotation>
	<folder>dogs</folder>
	<filename>dog.772.jpg</filename>
	<path>/Users/powerchip/Projects/AI/Yolo3-tf2-M/DataPrepare/dogs/dog.772.jpg</path>
	<source>
		<database>Unknown</database>
	</source>
	<size>
		<width>119</width>
		<height>160</height>
		<depth>3</depth>
	</size>
	<segmented>0</segmented>
	<object>
		<name>dog</name>
		<pose>Unspecified</pose>
		<truncated>0</truncated>
		<difficult>0</difficult>
		<bndbox>
			<xmin>17</xmin>
			<ymin>17</ymin>
			<xmax>113</xmax>
			<ymax>157</ymax>
		</bndbox>
	</object>
</annotation>
